procs,time_seconds
1,0.700654
2,0.318962
4,0.209135
