threads,time_seconds
1,0.690955
2,0.558262
4,0.398141
8,0.322334
16,0.285759
