procs,time
1,0.232585
2,0.135977
4,0.117519
8,
12,
16,
