threads,time
1,0.23078
2,0.11747
4,0.0743185
8,0.0611626
12,0.0676339
16,0.0659905
